"param_id","display_label","fraction","method","unit","conv","category","ord","trial_column","historical_names","fraction_match","in_ny_ob","in_hist_vs_trial","in_routine_2025"
"pH","pH","unfiltered","trial_grab","unitless","1","Field / physical","1","pH","pH","matched","TRUE","TRUE","TRUE"
"COND","Conductivity","unfiltered","trial_grab","mS/m","1","Field / physical","2","cond_mS_m","Konduktivitet","matched","TRUE","TRUE","TRUE"
"TA","Total alkalinity (TA)","filtered","trial_grab","mmol/L","1","Field / physical","3","alk_filt_mmol_L","Total alkalitet","matched","TRUE","TRUE","FALSE"
"Colour","Colour","","trial_grab","mg/L Pt","1","Field / physical","4","farge_mgPt_L","","matched","TRUE","FALSE","FALSE"
"DO","Dissolved oxygen","","trial_grab","mg/L O","1","Field / physical","5","DO_mgO_L","","matched","TRUE","FALSE","FALSE"
"ANC","Acid neutralising capacity (ANC)","unfiltered","trial_grab","µeq/L","1","Field / physical","6","ANC_uEkv_L","Syrenøytraliserende kapasitet (ANC)","matched","TRUE","TRUE","TRUE"
"TSM","Total suspended matter","","trial_grab","mg/L","1","Field / physical","7","TSM_mgL","","matched","TRUE","FALSE","FALSE"
"Turb","Turbidity","","trial_grab","FNU","1","Field / physical","8","turbiditet_FNU","","matched","TRUE","FALSE","FALSE"
"TOC","Total organic carbon (TOC)","unfiltered","trial_grab","mg/L","1","Carbon","9","TOC_mgC_L","Totalt organisk karbon (TOC)","matched","TRUE","TRUE","TRUE"
"DOC","Dissolved organic carbon (DOC)","filtered","trial_grab","mg/L C","1","Carbon","10","DOC_mgC_L","","matched","TRUE","FALSE","FALSE"
"DIC","Dissolved inorganic carbon (DIC)","filtered","trial_grab","mg/L C","1","Carbon","11","DIC_mgC_L","","matched","TRUE","FALSE","FALSE"
"Ca","Calcium","unfiltered","trial_grab","mg/L","1","Major ions","12","Ca_mgL","Kalsium","matched","FALSE","TRUE","TRUE"
"Ca_filt","Calcium","filtered","trial_grab","mg/L","1","Major ions","13","Ca_filt_mgL","","matched","TRUE","FALSE","FALSE"
"Mg","Magnesium","unfiltered","trial_grab","mg/L","1","Major ions","14","Mg_mgL","Magnesium","matched","FALSE","TRUE","TRUE"
"Mg_filt","Magnesium","filtered","trial_grab","mg/L","1","Major ions","15","Mg_filt_mgL","","matched","TRUE","FALSE","FALSE"
"Na","Sodium","unfiltered","trial_grab","mg/L","1","Major ions","16","Na_mgL","Natrium","matched","FALSE","TRUE","TRUE"
"Na_filt","Sodium","filtered","trial_grab","mg/L","1","Major ions","17","Na_filt_mgL","","matched","TRUE","FALSE","FALSE"
"K","Potassium","unfiltered","trial_grab","mg/L","1","Major ions","18","K_mgL","Kalium","matched","FALSE","TRUE","TRUE"
"K_filt","Potassium","filtered","trial_grab","mg/L","1","Major ions","19","K_filt_mgL","","matched","TRUE","FALSE","FALSE"
"SO4","Sulfate","unfiltered","trial_grab","mg/L","1","Major ions","20","SO4_mgL","Sulfat","matched","TRUE","TRUE","TRUE"
"Cl","Chloride","unfiltered","trial_grab","mg/L","1","Major ions","21","Cl_mgL","Klorid","matched","TRUE","TRUE","TRUE"
"Fluoride","Fluoride","","trial_grab","mg/L","1","Major ions","22","Fluorid_mgL","","matched","TRUE","FALSE","FALSE"
"NO3","Nitrate (NO3-N)","unfiltered","trial_grab","mg/L","0.001","Nutrients","23","NO3N_ugL","Nitrat","any","TRUE","TRUE","TRUE"
"PO4","Phosphate (PO4-P)","","trial_grab","µg/L P","1","Nutrients","24","PO4P_ugPL","","matched","TRUE","FALSE","FALSE"
"TP","Total phosphorus","unfiltered","trial_grab","mg/L","0.001","Nutrients","25","TOTP_ugPL","Totalfosfor","matched","TRUE","TRUE","TRUE"
"TotN","Total nitrogen","unfiltered","routine_niva","mg/L","0.001","Nutrients","26","","Totalnitrogen","matched","FALSE","FALSE","TRUE"
"Si","Silicon","unfiltered","routine_niva","mg/L","0.001","Nutrients","27","","Silisium","matched","FALSE","FALSE","TRUE"
"AlTot","Aluminium","unfiltered","trial_grab","mg/L","0.001","Trace metals","28","Al_ugL","Reaktivt aluminium","matched","FALSE","FALSE","FALSE"
"AlDis","Aluminium","filtered","trial_grab","mg/L","0.001","Trace metals","29","Al_filt_ugL","Reaktivt aluminium","matched","TRUE","FALSE","FALSE"
"AlReact","Aluminium (reactive)","unfiltered","routine_niva","mg/L","0.001","Trace metals","30","","Reaktivt aluminium","matched","FALSE","FALSE","TRUE"
"Ag","Silver","unfiltered","trial_grab","µg/L","1","Trace metals","31","Ag_ugL","","matched","FALSE","FALSE","FALSE"
"Ag_filt","Silver","filtered","trial_grab","µg/L","1","Trace metals","32","Ag_filt_ugL","","matched","TRUE","FALSE","FALSE"
"As","Arsenic","unfiltered","trial_grab","µg/L","1","Trace metals","33","As_ugL","","matched","FALSE","FALSE","FALSE"
"As_filt","Arsenic","filtered","trial_grab","µg/L","1","Trace metals","34","As_filt_ugL","","matched","TRUE","FALSE","FALSE"
"Cd","Cadmium","unfiltered","trial_grab","µg/L","1","Trace metals","35","Cd_ugL","","matched","FALSE","FALSE","FALSE"
"Cd_filt","Cadmium","filtered","trial_grab","µg/L","1","Trace metals","36","Cd_filt_ugL","","matched","TRUE","FALSE","FALSE"
"Co","Cobalt","unfiltered","trial_grab","µg/L","1","Trace metals","37","Co_ugL","","matched","FALSE","FALSE","FALSE"
"Co_filt","Cobalt","filtered","trial_grab","µg/L","1","Trace metals","38","Co_filt_ugL","","matched","TRUE","FALSE","FALSE"
"Cr","Chromium","unfiltered","trial_grab","µg/L","1","Trace metals","39","Cr_ugL","","matched","FALSE","FALSE","FALSE"
"Cr_filt","Chromium","filtered","trial_grab","µg/L","1","Trace metals","40","Cr_filt_ugL","","matched","TRUE","FALSE","FALSE"
"Cu","Copper","unfiltered","trial_grab","µg/L","1","Trace metals","41","Cu_ugL","","matched","FALSE","FALSE","FALSE"
"Cu_filt","Copper","filtered","trial_grab","µg/L","1","Trace metals","42","Cu_filt_ugL","","matched","TRUE","FALSE","FALSE"
"Fe","Iron","unfiltered","trial_grab","µg/L","1","Trace metals","43","Fe_ugL","","matched","FALSE","FALSE","FALSE"
"Fe_filt","Iron","filtered","trial_grab","µg/L","1","Trace metals","44","Fe_filt_ugL","","matched","TRUE","FALSE","FALSE"
"Mn","Manganese","unfiltered","trial_grab","µg/L","1","Trace metals","45","Mn_ugL","","matched","FALSE","FALSE","FALSE"
"Mn_filt","Manganese","filtered","trial_grab","µg/L","1","Trace metals","46","Mn_filt_ugL","","matched","TRUE","FALSE","FALSE"
"Ni","Nickel","unfiltered","trial_grab","µg/L","1","Trace metals","47","Ni_ugL","","matched","FALSE","FALSE","FALSE"
"Ni_filt","Nickel","filtered","trial_grab","µg/L","1","Trace metals","48","Ni_filt_ugL","","matched","TRUE","FALSE","FALSE"
"Pb","Lead","unfiltered","trial_grab","µg/L","1","Trace metals","49","Pb_ugL","","matched","FALSE","FALSE","FALSE"
"Pb_filt","Lead","filtered","trial_grab","µg/L","1","Trace metals","50","Pb_filt_ugL","","matched","TRUE","FALSE","FALSE"
"U","Uranium","unfiltered","trial_grab","µg/L","1","Trace metals","51","U_ugL","","matched","FALSE","FALSE","FALSE"
"U_filt","Uranium","filtered","trial_grab","µg/L","1","Trace metals","52","U_filt_ugL","","matched","TRUE","FALSE","FALSE"
"V","Vanadium","unfiltered","trial_grab","µg/L","1","Trace metals","53","V_ugL","","matched","FALSE","FALSE","FALSE"
"V_filt","Vanadium","filtered","trial_grab","µg/L","1","Trace metals","54","V_filt_ugL","","matched","TRUE","FALSE","FALSE"
"Zn","Zinc","unfiltered","trial_grab","µg/L","1","Trace metals","55","Zn_ugL","","matched","TRUE","FALSE","FALSE"
"SI_calcite","Calcite saturation index (log SI)","","derived_phreeqc","log unit","1","Derived","56","","","matched","FALSE","TRUE","FALSE"
