#Krågehølen, 25.51.0, Vannføring, day
Time;Discharge (m³/s);Corrected;Controlled
2025-08-01 11:00:00Z;2.106183;0;3
2025-08-02 11:00:00Z;2.172378;0;3
2025-08-03 11:00:00Z;3.737695;0;3
2025-08-04 11:00:00Z;4.803473;0;3
2025-08-05 11:00:00Z;27.71328;0;3
2025-08-06 11:00:00Z;40.01037;0;3
2025-08-07 11:00:00Z;21.62039;0;3
2025-08-08 11:00:00Z;14.669;0;3
2025-08-09 11:00:00Z;11.54713;0;3
2025-08-10 11:00:00Z;11.47183;0;3
2025-08-11 11:00:00Z;9.52723;0;3
2025-08-12 11:00:00Z;7.012;0;3
2025-08-13 11:00:00Z;5.369199;0;3
2025-08-14 11:00:00Z;4.348752;0;3
2025-08-15 11:00:00Z;3.745404;0;3
2025-08-16 11:00:00Z;3.209699;0;3
2025-08-17 11:00:00Z;2.793112;0;3
2025-08-18 11:00:00Z;2.38315;0;3
2025-08-19 11:00:00Z;2.155707;0;3
2025-08-20 11:00:00Z;1.974568;0;3
2025-08-21 11:00:00Z;1.796002;0;3
2025-08-22 11:00:00Z;1.681927;0;3
2025-08-23 11:00:00Z;1.539479;0;3
2025-08-24 11:00:00Z;1.442564;0;3
2025-08-25 11:00:00Z;1.380652;0;3
2025-08-26 11:00:00Z;1.324255;0;3
2025-08-27 11:00:00Z;1.288686;0;3
2025-08-28 11:00:00Z;1.255443;0;3
2025-08-29 11:00:00Z;1.331828;0;3
2025-08-30 11:00:00Z;1.339189;0;3
2025-08-31 11:00:00Z;1.42851;0;3
2025-09-01 11:00:00Z;3.259759;0;3
2025-09-02 11:00:00Z;13.21574;0;3
2025-09-03 11:00:00Z;26.38506;0;3
2025-09-04 11:00:00Z;51.31827;0;3
2025-09-05 11:00:00Z;29.25689;0;3
2025-09-06 11:00:00Z;15.45477;0;3
2025-09-07 11:00:00Z;9.562284;0;3
2025-09-08 11:00:00Z;6.648423;0;3
2025-09-09 11:00:00Z;5.284516;0;3
2025-09-10 11:00:00Z;8.756988;0;3
2025-09-11 11:00:00Z;26.69;0;3
2025-09-12 11:00:00Z;21.48782;0;3
2025-09-13 11:00:00Z;21.76171;0;3
2025-09-14 11:00:00Z;35.85697;0;3
2025-09-15 11:00:00Z;33.30148;0;3
2025-09-16 11:00:00Z;33.55033;0;3
2025-09-17 11:00:00Z;20.69114;0;3
2025-09-18 11:00:00Z;12.36806;0;3
2025-09-19 11:00:00Z;9.090249;0;3
2025-09-20 11:00:00Z;13.85066;0;3
2025-09-21 11:00:00Z;15.88845;0;3
2025-09-22 11:00:00Z;11.42632;0;3
2025-09-23 11:00:00Z;7.7711;0;3
2025-09-24 11:00:00Z;5.713523;0;3
2025-09-25 11:00:00Z;4.567012;0;3
2025-09-26 11:00:00Z;3.79704;0;3
2025-09-27 11:00:00Z;3.097471;0;3
2025-09-28 11:00:00Z;2.760659;0;3
2025-09-29 11:00:00Z;2.609802;0;3
