Parameter,Medium,Art,Prøvetak. metode,Aktivitet,Prøvetak. tidspunkt,Øvre dyp,Nedre dyp,Prøvenr,Operator,Listeverdi,Verdi,Enhet
pH,Ferskvann,Artsuavhengig,Ukjent metode,Tiltaksovervåking i kalkede laksevassdrag,14-03-2011,,,11_1070_ 5,=,,6.14000,<ubenevnt>
pH,Ferskvann,Artsuavhengig,Ukjent metode,Tiltaksovervåking i kalkede laksevassdrag,11-04-2011,,,11_1585_ 5,=,,6.21000,<ubenevnt>
pH,Ferskvann,Artsuavhengig,Ukjent metode,Tiltaksovervåking i kalkede laksevassdrag,12-05-2011,,,11_2085_ 4,=,,6.48000,<ubenevnt>
pH,Ferskvann,Artsuavhengig,Ferskvann (elver): Volumprøvetaker (Tilbaketrukket),Tiltaksovervåking i kalkede laksevassdrag,04-07-2011,,,,=,,6.08000,<ubenevnt>
pH,Ferskvann,Artsuavhengig,Ferskvann (elver): Volumprøvetaker (Tilbaketrukket),Tiltaksovervåking i kalkede laksevassdrag,01-08-2011,,,,=,,5.94000,<ubenevnt>
pH,Ferskvann,Artsuavhengig,Ferskvann (elver): Volumprøvetaker (Tilbaketrukket),Tiltaksovervåking i kalkede laksevassdrag,05-09-2011,,,,=,,5.77000,<ubenevnt>
pH,Ferskvann,Artsuavhengig,Ferskvann (elver): Volumprøvetaker (Tilbaketrukket),Tiltaksovervåking i kalkede laksevassdrag,03-10-2011,,,,=,,6.14000,<ubenevnt>
pH,Ferskvann,Artsuavhengig,Ferskvann (elver): Volumprøvetaker (Tilbaketrukket),Tiltaksovervåking i kalkede laksevassdrag,07-11-2011,,,,=,,5.90000,<ubenevnt>
pH,Ferskvann,Artsuavhengig,Ferskvann (elver): Volumprøvetaker (Tilbaketrukket),Tiltaksovervåking i kalkede laksevassdrag,05-12-2011,,,,=,,5.60000,<ubenevnt>
pH,Ferskvann,Artsuavhengig,Ferskvann (elver): Volumprøvetaker (Tilbaketrukket),Tiltaksovervåking i kalkede laksevassdrag,03-01-2012,,,,=,,5.89000,<ubenevnt>
pH,Ferskvann,Artsuavhengig,Ferskvann (elver): Volumprøvetaker (Tilbaketrukket),Tiltaksovervåking i kalkede laksevassdrag,06-02-2012,,,,=,,6.10000,<ubenevnt>
pH,Ferskvann,Artsuavhengig,Ferskvann (elver): Volumprøvetaker (Tilbaketrukket),Tiltaksovervåking i kalkede laksevassdrag,05-03-2012,,,,=,,6.08000,<ubenevnt>
pH,Ferskvann,Artsuavhengig,Ferskvann (elver): Volumprøvetaker (Tilbaketrukket),Tiltaksovervåking i kalkede laksevassdrag,02-04-2012,,,,=,,6.43000,<ubenevnt>
pH,Ferskvann,Artsuavhengig,Ferskvann (elver): Volumprøvetaker (Tilbaketrukket),Tiltaksovervåking i kalkede laksevassdrag,07-05-2012,,,,=,,6.56000,<ubenevnt>
pH,Ferskvann,Artsuavhengig,Ferskvann (elver): Volumprøvetaker (Tilbaketrukket),Tiltaksovervåking i kalkede laksevassdrag,04-06-2012,,,,=,,6.78000,<ubenevnt>
pH,Ferskvann,Artsuavhengig,Ferskvann (elver): Volumprøvetaker (Tilbaketrukket),Tiltaksovervåking i kalkede laksevassdrag,02-07-2012,,,,=,,6.14000,<ubenevnt>
pH,Ferskvann,Artsuavhengig,Ferskvann (elver): Volumprøvetaker (Tilbaketrukket),Tiltaksovervåking i kalkede laksevassdrag,06-08-2012,,,,=,,6.06000,<ubenevnt>
pH,Ferskvann,Artsuavhengig,Ferskvann (elver): Volumprøvetaker (Tilbaketrukket),Tiltaksovervåking i kalkede laksevassdrag,03-09-2012,,,,=,,6.11000,<ubenevnt>
pH,Ferskvann,Artsuavhengig,Ferskvann (elver): Volumprøvetaker (Tilbaketrukket),Tiltaksovervåking i kalkede laksevassdrag,01-10-2012,,,,=,,5.93000,<ubenevnt>
pH,Ferskvann,Artsuavhengig,Ferskvann (elver): Volumprøvetaker (Tilbaketrukket),Tiltaksovervåking i kalkede laksevassdrag,06-11-2012,,,,=,,5.95000,<ubenevnt>
pH,Ferskvann,Artsuavhengig,Ferskvann (elver): Volumprøvetaker (Tilbaketrukket),Tiltaksovervåking i kalkede laksevassdrag,03-12-2012,,,,=,,6.13000,<ubenevnt>
pH,Ferskvann,Artsuavhengig,Ferskvann (elver): Volumprøvetaker (Tilbaketrukket),Tiltaksovervåking i kalkede laksevassdrag,07-01-2013,,,,=,,6.23000,<ubenevnt>
pH,Ferskvann,Artsuavhengig,Ferskvann (elver): Volumprøvetaker (Tilbaketrukket),Tiltaksovervåking i kalkede laksevassdrag,04-02-2013,,,,=,,6.09000,<ubenevnt>
pH,Ferskvann,Artsuavhengig,Ferskvann (elver): Volumprøvetaker (Tilbaketrukket),Tiltaksovervåking i kalkede laksevassdrag,04-03-2013,,,,=,,6.46000,<ubenevnt>
pH,Ferskvann,Artsuavhengig,Ferskvann (elver): Volumprøvetaker (Tilbaketrukket),Tiltaksovervåking i kalkede laksevassdrag,01-04-2013,,,,=,,6.60000,<ubenevnt>
pH,Ferskvann,Artsuavhengig,Ferskvann (elver): Volumprøvetaker (Tilbaketrukket),Tiltaksovervåking i kalkede laksevassdrag,06-05-2013,,,,=,,6.31000,<ubenevnt>
pH,Ferskvann,Artsuavhengig,Ferskvann (elver): Volumprøvetaker (Tilbaketrukket),Tiltaksovervåking i kalkede laksevassdrag,03-06-2013,,,,=,,6.67000,<ubenevnt>
pH,Ferskvann,Artsuavhengig,Ferskvann (elver): Volumprøvetaker (Tilbaketrukket),Tiltaksovervåking i kalkede laksevassdrag,01-07-2013,,,,=,,6.17000,<ubenevnt>
pH,Ferskvann,Artsuavhengig,Ferskvann (elver): Volumprøvetaker (Tilbaketrukket),Tiltaksovervåking i kalkede laksevassdrag,05-08-2013,,,,=,,6.84000,<ubenevnt>
pH,Ferskvann,Artsuavhengig,Ferskvann (elver): Volumprøvetaker (Tilbaketrukket),Tiltaksovervåking i kalkede laksevassdrag,02-09-2013,,,,=,,6.69000,<ubenevnt>
pH,Ferskvann,Artsuavhengig,Ferskvann (elver): Volumprøvetaker (Tilbaketrukket),Tiltaksovervåking i kalkede laksevassdrag,07-10-2013,,,,=,,6.14000,<ubenevnt>
pH,Ferskvann,Artsuavhengig,Ferskvann (elver): Volumprøvetaker (Tilbaketrukket),Tiltaksovervåking i kalkede laksevassdrag,04-11-2013,,,,=,,6.07000,<ubenevnt>
pH,Ferskvann,Artsuavhengig,Ferskvann (elver): Volumprøvetaker (Tilbaketrukket),Tiltaksovervåking i kalkede laksevassdrag,02-12-2013,,,,=,,6.33000,<ubenevnt>
pH,Ferskvann,Artsuavhengig,Ferskvann (elver): Volumprøvetaker (Tilbaketrukket),Tiltaksovervåking i kalkede laksevassdrag,08-01-2014,,,,=,,5.69000,<ubenevnt>
pH,Ferskvann,Artsuavhengig,Ferskvann (elver): Volumprøvetaker (Tilbaketrukket),Tiltaksovervåking i kalkede laksevassdrag,03-02-2014,,,,=,,6.09000,<ubenevnt>
pH,Ferskvann,Artsuavhengig,Ferskvann (elver): Volumprøvetaker (Tilbaketrukket),Tiltaksovervåking i kalkede laksevassdrag,03-03-2014,,,,=,,5.98000,<ubenevnt>
pH,Ferskvann,Artsuavhengig,Ferskvann (elver): Volumprøvetaker (Tilbaketrukket),Tiltaksovervåking i kalkede laksevassdrag,07-04-2014,,,,=,,6.24000,<ubenevnt>
pH,Ferskvann,Artsuavhengig,Ferskvann (elver): Volumprøvetaker (Tilbaketrukket),Tiltaksovervåking i kalkede laksevassdrag,05-05-2014,,,,=,,6.66000,<ubenevnt>
pH,Ferskvann,Artsuavhengig,Ferskvann (elver): Volumprøvetaker (Tilbaketrukket),Tiltaksovervåking i kalkede laksevassdrag,02-06-2014,,,,=,,6.87000,<ubenevnt>
pH,Ferskvann,Artsuavhengig,Ferskvann (elver): Volumprøvetaker (Tilbaketrukket),Tiltaksovervåking i kalkede laksevassdrag,07-07-2014,,,,=,,7.14000,<ubenevnt>
pH,Ferskvann,Artsuavhengig,Ferskvann (elver): Volumprøvetaker (Tilbaketrukket),Tiltaksovervåking i kalkede laksevassdrag,04-08-2014,,,,=,,6.06000,<ubenevnt>
pH,Ferskvann,Artsuavhengig,Ferskvann (elver): Volumprøvetaker (Tilbaketrukket),Tiltaksovervåking i kalkede laksevassdrag,01-09-2014,,,,=,,5.75000,<ubenevnt>
pH,Ferskvann,Artsuavhengig,Ferskvann (elver): Volumprøvetaker (Tilbaketrukket),Tiltaksovervåking i kalkede laksevassdrag,13-10-2014,,,,=,,5.93000,<ubenevnt>
pH,Ferskvann,Artsuavhengig,Ferskvann (elver): Volumprøvetaker (Tilbaketrukket),Tiltaksovervåking i kalkede laksevassdrag,03-11-2014,,,,=,,5.93000,<ubenevnt>
pH,Ferskvann,Artsuavhengig,Ferskvann (elver): Volumprøvetaker (Tilbaketrukket),Tiltaksovervåking i kalkede laksevassdrag,01-12-2014,,,,=,,6.03000,<ubenevnt>
pH,Ferskvann,Artsuavhengig,Ferskvann (elver): Volumprøvetaker (Tilbaketrukket),Tiltaksovervåking i kalkede laksevassdrag,05-01-2015,,,,=,,5.65000,<ubenevnt>
pH,Ferskvann,Artsuavhengig,Ferskvann (elver): Volumprøvetaker (Tilbaketrukket),Tiltaksovervåking i kalkede laksevassdrag,02-02-2015,,,,=,,5.41000,<ubenevnt>
pH,Ferskvann,Artsuavhengig,Ferskvann (elver): Volumprøvetaker (Tilbaketrukket),Tiltaksovervåking i kalkede laksevassdrag,02-03-2015,,,,=,,6.28000,<ubenevnt>
pH,Ferskvann,Artsuavhengig,Ferskvann (elver): Volumprøvetaker (Tilbaketrukket),Tiltaksovervåking i kalkede laksevassdrag,06-04-2015,,,,=,,6.38000,<ubenevnt>
pH,Ferskvann,Artsuavhengig,Ferskvann (elver): Volumprøvetaker (Tilbaketrukket),Tiltaksovervåking i kalkede laksevassdrag,04-05-2015,,,,=,,6.39000,<ubenevnt>
pH,Ferskvann,Artsuavhengig,Ferskvann (elver): Volumprøvetaker (Tilbaketrukket),Tiltaksovervåking i kalkede laksevassdrag,01-06-2015,,,,=,,6.27000,<ubenevnt>
pH,Ferskvann,Artsuavhengig,Ferskvann (elver): Volumprøvetaker (Tilbaketrukket),Tiltaksovervåking i kalkede laksevassdrag,06-07-2015,,,,=,,6.81000,<ubenevnt>
pH,Ferskvann,Artsuavhengig,Ferskvann (elver): Volumprøvetaker (Tilbaketrukket),Tiltaksovervåking i kalkede laksevassdrag,03-08-2015,,,,=,,6.01000,<ubenevnt>
pH,Ferskvann,Artsuavhengig,Ferskvann (elver): Volumprøvetaker (Tilbaketrukket),Tiltaksovervåking i kalkede laksevassdrag,07-09-2015,,,,=,,6.11000,<ubenevnt>
pH,Ferskvann,Artsuavhengig,Ferskvann (elver): Volumprøvetaker (Tilbaketrukket),Tiltaksovervåking i kalkede laksevassdrag,05-10-2015,,,,=,,6.19000,<ubenevnt>
pH,Ferskvann,Artsuavhengig,Ferskvann (elver): Volumprøvetaker (Tilbaketrukket),Tiltaksovervåking i kalkede laksevassdrag,02-11-2015,,,,=,,6.03000,<ubenevnt>
pH,Ferskvann,Artsuavhengig,Ferskvann (elver): Volumprøvetaker (Tilbaketrukket),Tiltaksovervåking i kalkede laksevassdrag,07-12-2015,,,,=,,5.96000,<ubenevnt>
pH,Ferskvann,Artsuavhengig,Ukjent metode,Tiltaksovervåking i kalkede laksevassdrag,11-01-2016,,,16_ 153_ 5,=,,5.94000,<ubenevnt>
pH,Ferskvann,Artsuavhengig,Ukjent metode,Tiltaksovervåking i kalkede laksevassdrag,01-02-2016,,,16_ 605_ 4,=,,5.90000,<ubenevnt>
pH,Ferskvann,Artsuavhengig,Ukjent metode,Tiltaksovervåking i kalkede laksevassdrag,07-03-2016,,,16_1345_ 2,=,,6.10000,<ubenevnt>
pH,Ferskvann,Artsuavhengig,Ukjent metode,Tiltaksovervåking i kalkede laksevassdrag,04-04-2016,,,16_1918_ 5,=,,6.12000,<ubenevnt>
pH,Ferskvann,Artsuavhengig,Ukjent metode,Tiltaksovervåking i kalkede laksevassdrag,02-05-2016,,,16_2654_ 5,=,,5.96000,<ubenevnt>
pH,Ferskvann,Artsuavhengig,Ukjent metode,Tiltaksovervåking i kalkede laksevassdrag,06-06-2016,,,16_3672_ 5,=,,6.42000,<ubenevnt>
pH,Ferskvann,Artsuavhengig,Ukjent metode,Tiltaksovervåking i kalkede laksevassdrag,04-07-2016,,,16_4362_ 3,=,,5.98000,<ubenevnt>
pH,Ferskvann,Artsuavhengig,Ukjent metode,Tiltaksovervåking i kalkede laksevassdrag,01-08-2016,,,16_5191_ 2,=,,5.67000,<ubenevnt>
pH,Ferskvann,Artsuavhengig,Ukjent metode,Tiltaksovervåking i kalkede laksevassdrag,05-09-2016,,,16_5845_ 6,=,,6.15000,<ubenevnt>
pH,Ferskvann,Artsuavhengig,Ukjent metode,Tiltaksovervåking i kalkede laksevassdrag,03-10-2016,,,16_6736_ 2,=,,5.81000,<ubenevnt>
pH,Ferskvann,Artsuavhengig,Ukjent metode,Tiltaksovervåking i kalkede laksevassdrag,07-11-2016,,,16_7769_ 4,=,,6.00000,<ubenevnt>
pH,Ferskvann,Artsuavhengig,Ukjent metode,Tiltaksovervåking i kalkede laksevassdrag,05-12-2016,,,16_8618_ 4,=,,6.07000,<ubenevnt>
pH,Ferskvann,Artsuavhengig,Ukjent metode,Tiltaksovervåking i kalkede laksevassdrag,02-01-2017,,,17_ 148_ 6,=,,5.57000,<ubenevnt>
pH,Ferskvann,Artsuavhengig,Ukjent metode,Tiltaksovervåking i kalkede laksevassdrag,06-02-2017,,,17_ 951_ 4,=,,6.06000,<ubenevnt>
pH,Ferskvann,Artsuavhengig,Ukjent metode,Tiltaksovervåking i kalkede laksevassdrag,06-03-2017,,,17_1746_ 6,=,,6.09000,<ubenevnt>
pH,Ferskvann,Artsuavhengig,Ukjent metode,Tiltaksovervåking i kalkede laksevassdrag,03-04-2017,,,17_2514_ 6,=,,6.19000,<ubenevnt>
pH,Ferskvann,Artsuavhengig,Ukjent metode,Tiltaksovervåking i kalkede laksevassdrag,01-05-2017,,,17_3394_ 4,=,,6.14000,<ubenevnt>
pH,Ferskvann,Artsuavhengig,Ukjent metode,Tiltaksovervåking i kalkede laksevassdrag,05-06-2017,,,17_4325_ 6,=,,6.24000,<ubenevnt>
pH,Ferskvann,Artsuavhengig,Ukjent metode,Tiltaksovervåking i kalkede laksevassdrag,03-07-2017,,,17_5172_ 1,=,,6.21000,<ubenevnt>
pH,Ferskvann,Artsuavhengig,Ukjent metode,Tiltaksovervåking i kalkede laksevassdrag,07-08-2017,,,17_6125_ 6,=,,5.92000,<ubenevnt>
pH,Ferskvann,Artsuavhengig,Ukjent metode,Tiltaksovervåking i kalkede laksevassdrag,04-09-2017,,,17_6961_ 6,=,,6.03000,<ubenevnt>
pH,Ferskvann,Artsuavhengig,Ukjent metode,Tiltaksovervåking i kalkede laksevassdrag,06-10-2017,,,17_9066_ 4,=,,5.83000,<ubenevnt>
pH,Ferskvann,Artsuavhengig,Ukjent metode,Tiltaksovervåking i kalkede laksevassdrag,06-11-2017,,,17_9066_ 6,=,,5.81000,<ubenevnt>
pH,Ferskvann,Artsuavhengig,Ukjent metode,Tiltaksovervåking i kalkede laksevassdrag,04-12-2017,,,17_9918_ 3,=,,5.83000,<ubenevnt>
pH,Ferskvann,Artsuavhengig,Ukjent metode,Tiltaksovervåking i kalkede laksevassdrag,08-01-2018,,,18_ 268_ 3,=,,5.67000,<ubenevnt>
pH,Ferskvann,Artsuavhengig,Ukjent metode,Tiltaksovervåking i kalkede laksevassdrag,05-02-2018,,,18_1105_ 3,=,,5.97000,<ubenevnt>
pH,Ferskvann,Artsuavhengig,Ukjent metode,Tiltaksovervåking i kalkede laksevassdrag,05-03-2018,,,18_1792_ 4,=,,6.50000,<ubenevnt>
pH,Ferskvann,Artsuavhengig,Ukjent metode,Tiltaksovervåking i kalkede laksevassdrag,02-04-2018,,,18_2487_ 1,=,,6.32000,<ubenevnt>
pH,Ferskvann,Artsuavhengig,Ukjent metode,Tiltaksovervåking i kalkede laksevassdrag,07-05-2018,,,18_3533_ 4,=,,6.12000,<ubenevnt>
pH,Ferskvann,Artsuavhengig,Ukjent metode,Tiltaksovervåking i kalkede laksevassdrag,04-06-2018,,,18_4690_ 4,=,,6.79000,<ubenevnt>
pH,Ferskvann,Artsuavhengig,Ukjent metode,Tiltaksovervåking i kalkede laksevassdrag,02-07-2018,,,18_5679_ 6,=,,7.09000,<ubenevnt>
pH,Ferskvann,Artsuavhengig,Ukjent metode,Tiltaksovervåking i kalkede laksevassdrag,06-08-2018,,,18_6565_ 4,=,,6.64000,<ubenevnt>
pH,Ferskvann,Artsuavhengig,Ukjent metode,Tiltaksovervåking i kalkede laksevassdrag,03-09-2018,,,18_7559_ 6,=,,6.03000,<ubenevnt>
pH,Ferskvann,Artsuavhengig,Ukjent metode,Tiltaksovervåking i kalkede laksevassdrag,01-10-2018,,,18_8535_ 5,=,,6.08000,<ubenevnt>
pH,Ferskvann,Artsuavhengig,Ukjent metode,Tiltaksovervåking i kalkede laksevassdrag,05-11-2018,,,18_9900_ 5,=,,6.00000,<ubenevnt>
pH,Ferskvann,Artsuavhengig,Ukjent metode,Tiltaksovervåking i kalkede laksevassdrag,03-12-2018,,,18_A696_ 5,=,,6.01000,<ubenevnt>
pH,Ferskvann,Artsuavhengig,Ukjent metode,Tiltaksovervåking i kalkede laksevassdrag,07-01-2019,,,19_ 261_ 3,=,,6.01000,<ubenevnt>
pH,Ferskvann,Artsuavhengig,Ukjent metode,Tiltaksovervåking i kalkede laksevassdrag,04-02-2019,,,19_1095_ 3,=,,6.33000,<ubenevnt>
pH,Ferskvann,Artsuavhengig,Ukjent metode,Tiltaksovervåking i kalkede laksevassdrag,04-03-2019,,,19_1904_ 4,=,,6.07000,<ubenevnt>
pH,Ferskvann,Artsuavhengig,Ukjent metode,Tiltaksovervåking i kalkede laksevassdrag,01-04-2019,,,19_2919_ 5,=,,6.14000,<ubenevnt>
pH,Ferskvann,Artsuavhengig,Ukjent metode,Tiltaksovervåking i kalkede laksevassdrag,06-05-2019,,,19_4162_ 1,=,,6.30000,<ubenevnt>
pH,Ferskvann,Artsuavhengig,Ukjent metode,Tiltaksovervåking i kalkede laksevassdrag,03-06-2019,,,19_5265_ 5,=,,5.96000,<ubenevnt>
pH,Ferskvann,Artsuavhengig,Ukjent metode,Tiltaksovervåking i kalkede laksevassdrag,01-07-2019,,,19_6226_ 4,=,,6.19000,<ubenevnt>
pH,Ferskvann,Artsuavhengig,Ukjent metode,Tiltaksovervåking i kalkede laksevassdrag,05-08-2019,,,19_7264_ 1,=,,6.43000,<ubenevnt>
pH,Ferskvann,Artsuavhengig,Ukjent metode,Tiltaksovervåking i kalkede laksevassdrag,02-09-2019,,,19_8290_ 6,=,,6.22000,<ubenevnt>
pH,Ferskvann,Artsuavhengig,Ukjent metode,Tiltaksovervåking i kalkede laksevassdrag,30-09-2019,,,19_9556_ 4,=,,6.06000,<ubenevnt>
pH,Ferskvann,Artsuavhengig,Ukjent metode,Tiltaksovervåking i kalkede laksevassdrag,04-11-2019,,,19_A565_ 4,=,,5.87000,<ubenevnt>
pH,Ferskvann,Artsuavhengig,Ukjent metode,Tiltaksovervåking i kalkede laksevassdrag,02-12-2019,,,19_B816_ 5,=,,6.28000,<ubenevnt>
pH,Ferskvann,Artsuavhengig,Ukjent metode,Tiltaksovervåking i kalkede laksevassdrag,06-01-2020,,,20_ 610_ 5,=,,5.82000,<ubenevnt>
pH,Ferskvann,Artsuavhengig,Ukjent metode,Tiltaksovervåking i kalkede laksevassdrag,03-02-2020,,,20_1184_ 5,=,,6.02000,<ubenevnt>
pH,Ferskvann,Artsuavhengig,Ukjent metode,Tiltaksovervåking i kalkede laksevassdrag,02-03-2020,,,20_2546_ 3,=,,6.15000,<ubenevnt>
pH,Ferskvann,Artsuavhengig,Ukjent metode,Tiltaksovervåking i kalkede laksevassdrag,13-04-2020,,,20_3723_ 4,=,,6.22000,<ubenevnt>
pH,Ferskvann,Artsuavhengig,Ukjent metode,Tiltaksovervåking i kalkede laksevassdrag,11-05-2020,,,20_4667_ 5,=,,6.66000,<ubenevnt>
pH,Ferskvann,Artsuavhengig,Ukjent metode,Tiltaksovervåking i kalkede laksevassdrag,08-06-2020,,,20_5624_ 5,=,,6.23000,<ubenevnt>
pH,Ferskvann,Artsuavhengig,Ukjent metode,Tiltaksovervåking i kalkede laksevassdrag,03-08-2020,,,20_7222_ 6,=,,6.26000,<ubenevnt>
pH,Ferskvann,Artsuavhengig,Ukjent metode,Tiltaksovervåking i kalkede laksevassdrag,05-10-2020,,,439-2020-10070109,=,,5.70000,<ubenevnt>
pH,Ferskvann,Artsuavhengig,Ukjent metode,Tiltaksovervåking i kalkede laksevassdrag,02-11-2020,,,439-2020-11040310,=,,6.10000,<ubenevnt>
pH,Ferskvann,Artsuavhengig,Ukjent metode,Tiltaksovervåking i kalkede laksevassdrag,07-12-2020,,,439-2020-12090293,=,,5.70000,<ubenevnt>
pH,Ferskvann,Artsuavhengig,Ukjent metode,Tiltaksovervåking i kalkede laksevassdrag,04-01-2021,0.00,0.00,439-2021-01070012,=,,6.20000,<ubenevnt>
pH,Ferskvann,Artsuavhengig,Ukjent metode,Tiltaksovervåking i kalkede laksevassdrag,01-02-2021,0.00,0.00,439-2021-02040047,=,,6.50000,<ubenevnt>
pH,Ferskvann,Artsuavhengig,Ukjent metode,Tiltaksovervåking i kalkede laksevassdrag,01-03-2021,0.00,0.00,439-2021-03030061,=,,6.20000,<ubenevnt>
pH,Ferskvann,Artsuavhengig,Ukjent metode,Tiltaksovervåking i kalkede laksevassdrag,06-04-2021,0.00,0.00,439-2021-04090042,=,,6.50000,<ubenevnt>
pH,Ferskvann,Artsuavhengig,Ukjent metode,Tiltaksovervåking i kalkede laksevassdrag,03-05-2021,0.00,0.00,439-2021-05060074,=,,6.60000,<ubenevnt>
pH,Ferskvann,Artsuavhengig,Ukjent metode,Tiltaksovervåking i kalkede laksevassdrag,07-06-2021,0.00,0.00,439-2021-06090134,=,,6.80000,<ubenevnt>
pH,Ferskvann,Artsuavhengig,Ukjent metode,Tiltaksovervåking i kalkede laksevassdrag,05-07-2021,0.00,0.00,439-2021-07070142,=,,7.00000,<ubenevnt>
pH,Ferskvann,Artsuavhengig,Ukjent metode,Tiltaksovervåking i kalkede laksevassdrag,04-10-2021,0.00,0.00,439-2021-10070033,=,,6.10000,<ubenevnt>
pH,Ferskvann,Artsuavhengig,Ukjent metode,Tiltaksovervåking i kalkede laksevassdrag,01-11-2021,0.00,0.00,439-2021-11030156,=,,5.90000,<ubenevnt>
pH,Ferskvann,Artsuavhengig,Ukjent metode,Tiltaksovervåking i kalkede laksevassdrag,06-12-2021,0.00,0.00,439-2021-12080060,=,,6.20000,<ubenevnt>
pH,Ferskvann,Artsuavhengig,Ukjent metode,Tiltaksovervåking i kalkede laksevassdrag,07-02-2022,0.00,0.00,439-2022-02080132,=,,5.90000,<ubenevnt>
pH,Ferskvann,Artsuavhengig,Ukjent metode,Tiltaksovervåking i kalkede laksevassdrag,28-02-2022,0.00,0.00,439-2022-03010041,=,,6.10000,<ubenevnt>
pH,Ferskvann,Artsuavhengig,Ukjent metode,Tiltaksovervåking i kalkede laksevassdrag,04-04-2022,0.00,0.00,439-2022-04050184,=,,6.40000,<ubenevnt>
pH,Ferskvann,Artsuavhengig,Ukjent metode,Tiltaksovervåking i kalkede laksevassdrag,02-05-2022,0.00,0.00,439-2022-05030032,=,,6.60000,<ubenevnt>
pH,Ferskvann,Artsuavhengig,Ukjent metode,Tiltaksovervåking i kalkede laksevassdrag,06-06-2022,0.00,0.00,439-2022-06080159,=,,6.50000,<ubenevnt>
pH,Ferskvann,Artsuavhengig,Ukjent metode,Tiltaksovervåking i kalkede laksevassdrag,03-07-2022,0.00,0.00,439-2022-07050048,=,,6.70000,<ubenevnt>
pH,Ferskvann,Artsuavhengig,Ukjent metode,Tiltaksovervåking i kalkede laksevassdrag,25-07-2022,0.00,0.00,439-2022-07270114,=,,6.80000,<ubenevnt>
pH,Ferskvann,Artsuavhengig,Ukjent metode,Tiltaksovervåking i kalkede laksevassdrag,01-08-2022,0.00,0.00,439-2022-08020085,=,,6.70000,<ubenevnt>
pH,Ferskvann,Artsuavhengig,Ukjent metode,Tiltaksovervåking i kalkede laksevassdrag,22-08-2022,0.00,0.00,439-2022-08230151,=,,6.40000,<ubenevnt>
pH,Ferskvann,Artsuavhengig,Ukjent metode,Tiltaksovervåking i kalkede laksevassdrag,05-09-2022,0.00,0.00,439-2022-09060291,=,,6.70000,<ubenevnt>
pH,Ferskvann,Artsuavhengig,Ukjent metode,Tiltaksovervåking i kalkede laksevassdrag,04-10-2022,0.00,0.00,439-2022-10050426,=,,6.10000,<ubenevnt>
pH,Ferskvann,Artsuavhengig,Ukjent metode,Tiltaksovervåking i kalkede laksevassdrag,31-10-2022,0.00,0.00,439-2022-11020126,=,,6.10000,<ubenevnt>
pH,Ferskvann,Artsuavhengig,Ukjent metode,Tiltaksovervåking i kalkede laksevassdrag,06-12-2022,0.00,0.00,439-2022-12080109,=,,5.90000,<ubenevnt>
pH,Ferskvann,Artsuavhengig,Ukjent metode,Tiltaksovervåking i kalkede laksevassdrag,02-01-2023,0.00,0.00,439-2023-01040022,=,,5.90000,<ubenevnt>
pH,Ferskvann,Artsuavhengig,Ukjent metode,Tiltaksovervåking i kalkede laksevassdrag,09-01-2023,0.00,0.00,439-2023-01100082,=,,6.10000,<ubenevnt>
pH,Ferskvann,Artsuavhengig,Ukjent metode,Tiltaksovervåking i kalkede laksevassdrag,30-01-2023,0.00,0.00,439-2023-01310249,=,,5.80000,<ubenevnt>
pH,Ferskvann,Artsuavhengig,Ukjent metode,Tiltaksovervåking i kalkede laksevassdrag,13-02-2023,0.00,0.00,439-2023-02140061,=,,6.00000,<ubenevnt>
pH,Ferskvann,Artsuavhengig,Ukjent metode,Tiltaksovervåking i kalkede laksevassdrag,27-02-2023,0.00,0.00,439-2023-02280150,=,,6.20000,<ubenevnt>
pH,Ferskvann,Artsuavhengig,Ukjent metode,Tiltaksovervåking i kalkede laksevassdrag,03-04-2023,0.00,0.00,439-2023-04040026,=,,6.40000,<ubenevnt>
pH,Ferskvann,Artsuavhengig,Ukjent metode,Tiltaksovervåking i kalkede laksevassdrag,02-05-2023,0.00,0.00,439-2023-05030080,=,,6.60000,<ubenevnt>
pH,Ferskvann,Artsuavhengig,Ukjent metode,Tiltaksovervåking i kalkede laksevassdrag,05-06-2023,0.00,0.00,439-2023-06060302,=,,7.50000,<ubenevnt>
pH,Ferskvann,Artsuavhengig,Ukjent metode,Tiltaksovervåking i kalkede laksevassdrag,03-07-2023,0.00,0.00,439-2023-07050221,=,,6.80000,<ubenevnt>
pH,Ferskvann,Artsuavhengig,Ukjent metode,Tiltaksovervåking i kalkede laksevassdrag,10-07-2023,0.00,0.00,439-2023-07110119,=,,6.90000,<ubenevnt>
pH,Ferskvann,Artsuavhengig,Ukjent metode,Tiltaksovervåking i kalkede laksevassdrag,31-07-2023,0.00,0.00,439-2023-08010104,=,,6.40000,<ubenevnt>
pH,Ferskvann,Artsuavhengig,Ukjent metode,Tiltaksovervåking i kalkede laksevassdrag,15-08-2023,0.00,0.00,439-2023-08160211,=,,6.40000,<ubenevnt>
pH,Ferskvann,Artsuavhengig,Ukjent metode,Tiltaksovervåking i kalkede laksevassdrag,04-09-2023,0.00,0.00,439-2023-09050191,=,,6.50000,<ubenevnt>
pH,Ferskvann,Artsuavhengig,Ukjent metode,Tiltaksovervåking i kalkede laksevassdrag,02-10-2023,0.00,0.00,439-2023-10030137,=,,6.00000,<ubenevnt>
pH,Ferskvann,Artsuavhengig,Ukjent metode,Tiltaksovervåking i kalkede laksevassdrag,30-10-2023,0.00,0.00,439-2023-10310089,=,,6.80000,<ubenevnt>
pH,Ferskvann,Artsuavhengig,Ukjent metode,Tiltaksovervåking i kalkede laksevassdrag,04-12-2023,0.00,0.00,439-2023-12050080,=,,6.70000,<ubenevnt>
pH,Ferskvann,Artsuavhengig,Ukjent metode,Tiltaksovervåking i kalkede laksevassdrag,02-01-2024,0.00,0.00,439-2024-01040121,=,,6.20000,<ubenevnt>
pH,Ferskvann,Artsuavhengig,Ukjent metode,Tiltaksovervåking i kalkede laksevassdrag,22-01-2024,0.00,0.00,439-2024-01230068,=,,6.20000,<ubenevnt>
pH,Ferskvann,Artsuavhengig,Ukjent metode,Tiltaksovervåking i kalkede laksevassdrag,29-01-2024,0.00,0.00,439-2024-01300122,=,,5.70000,<ubenevnt>
pH,Ferskvann,Artsuavhengig,Ukjent metode,Tiltaksovervåking i kalkede laksevassdrag,26-02-2024,0.00,0.00,439-2024-02270362,=,,6.00000,<ubenevnt>
pH,Ferskvann,Artsuavhengig,Ukjent metode,Tiltaksovervåking i kalkede laksevassdrag,02-04-2024,0.00,0.00,439-2024-04030017,=,,6.50000,<ubenevnt>
pH,Ferskvann,Artsuavhengig,Ukjent metode,Tiltaksovervåking i kalkede laksevassdrag,29-04-2024,0.00,0.00,439-2024-04300322,=,,6.50000,<ubenevnt>
pH,Ferskvann,Artsuavhengig,Ukjent metode,Tiltaksovervåking i kalkede laksevassdrag,03-06-2024,0.00,0.00,439-2024-06040130,=,,6.50000,<ubenevnt>
pH,Ferskvann,Artsuavhengig,Ukjent metode,Tiltaksovervåking i kalkede laksevassdrag,10-06-2024,0.00,0.00,439-2024-06120238,=,,6.20000,<ubenevnt>
pH,Ferskvann,Artsuavhengig,Ukjent metode,Tiltaksovervåking i kalkede laksevassdrag,01-07-2024,0.00,0.00,439-2024-07020173,=,,6.60000,<ubenevnt>
pH,Ferskvann,Artsuavhengig,Ukjent metode,Tiltaksovervåking i kalkede laksevassdrag,08-07-2024,0.00,0.00,439-2024-07090090,=,,6.20000,<ubenevnt>
pH,Ferskvann,Artsuavhengig,Ukjent metode,Tiltaksovervåking i kalkede laksevassdrag,29-07-2024,0.00,0.00,439-2024-07300263,=,,6.60000,<ubenevnt>
pH,Ferskvann,Artsuavhengig,Ukjent metode,Tiltaksovervåking i kalkede laksevassdrag,25-08-2024,0.00,0.00,439-2024-08270418,=,,5.80000,<ubenevnt>
pH,Ferskvann,Artsuavhengig,Ukjent metode,Tiltaksovervåking i kalkede laksevassdrag,02-09-2024,0.00,0.00,439-2024-09030050,=,,6.20000,<ubenevnt>
pH,Ferskvann,Artsuavhengig,Ukjent metode,Tiltaksovervåking i kalkede laksevassdrag,30-09-2024,0.00,0.00,439-2024-10010200,=,,6.30000,<ubenevnt>
pH,Ferskvann,Artsuavhengig,Ukjent metode,Tiltaksovervåking i kalkede laksevassdrag,28-10-2024,0.00,0.00,439-2024-10290258,=,,5.90000,<ubenevnt>
pH,Ferskvann,Artsuavhengig,Ukjent metode,Tiltaksovervåking i kalkede laksevassdrag,02-12-2024,0.00,0.00,439-2024-12030275,=,,6.00000,<ubenevnt>